henry const\disper coef,1.0,2.0,3.0,4.0
1.0,9.900860637704138,9.439605506698307,9.205369913888862,9.049684829521889
2.0,6.77065954643659,6.027213166528926,5.694606253775707,5.592653479813634
3.0,5.779298191764061,5.166109044617247,5.166157100290347,5.166492643510999
4.0,5.998670318174594,5.173507648704732,5.170285285477181,5.177327417626595
