henry const\disper coef,1.0,2.0
1.0,226.91737086581193,211.5394038363796
2.0,152.81256349932994,131.99530552676617
